mean_hedging_error,portfolio_variance,max_drawdown,sharpe_ratio,hedge_turnover,mean_cumulative_cost,mean_final_pnl
3.9704967,0.0035551226454767566,-0.24143060659965299,0.03592002800208133,0.0,0.18294159,282.8942175209522
